{
  "global": [
    {
      "type": "SET_MODEL_NAME",
      "input": {
        "name": "AtlasScope"
      },
      "scope": "global",
      "id": "17bda8ff-b781-4b92-9624-086f94f81809",
      "index": 0,
      "timestamp": "2024-12-05T13:18:40.622Z",
      "hash": "Cznq6aAA+bs9o/xt0heilkZ9KgI=",
      "skip": 0
    },
    {
      "type": "SET_STATE_SCHEMA",
      "input": {
        "schema": "type AtlasScopeState {\n  \"Add your global state fields here\"\n  _placeholder: String\n}",
        "scope": "global"
      },
      "scope": "global",
      "id": "a0f1bc0b-18f3-44a0-a8dc-4beace04d70c",
      "index": 1,
      "timestamp": "2024-12-05T13:18:40.641Z",
      "hash": "d17sey3oCjvs4Jk8QAWLmnUkbxw=",
      "skip": 0
    },
    {
      "type": "SET_STATE_SCHEMA",
      "input": {
        "schema": "type AtlasScopeState {\n  \"Add your global state fields here\"\n  _placeholder: String\n}\n\nenum Status {\n  PLACEHOLDER\n  PROVISIONAL # enables ecosystem participants to interact with the material in a practical context, resulting in valuable feedback or other data concerning the Document's appropriateness.\n  APPROVED # material instance can be integrated into the Atlas\n  DEFERRED\n  ARCHIVED\n}\n\nenum GlobalTag {\n    RECURSIVE_IMPROVEMENT,\n    SCOPE_ADVISOR,\n    DAO_TOOLKIT,\n    PURPOSE_SYSTEM,\n    ML__LOW_PRIORITY,\n    EXTERNAL_REFERENCE,\n    ML__DEFER,\n    SUBDAO_INCUBATION,\n    V1__MIP,\n    ML__HIGH_PRIORITY,\n    ECOSYSTEM_INTELLIGENCE,\n    LEGACY_TERM__USE_APPROVED,\n    CAIS,\n    INTERNAL_REFERENCE,\n    FACILITATORDAO,\n    ML___MED_PRIORITY,\n    AVC,\n    P0_HUB_ENTRY_NEEDED,\n    ANON_WORKFORCE,\n    NEWCHAIN,\n    ML__SUPPORT_DOCS_NEEDED,\n    SUBDAO_REWARDS,\n    TWO_STAGE_BRIDGE,\n}",
        "scope": "global"
      },
      "scope": "global",
      "id": "bd293e3c-aaa5-4b65-92a8-a7f016db5b39",
      "index": 2,
      "timestamp": "2024-12-05T13:18:55.937Z",
      "hash": "1yS8InDhUwgz2qPfjzLPPwOOHDc=",
      "skip": 0
    },
    {
      "type": "SET_STATE_SCHEMA",
      "input": {
        "schema": "type AtlasScopeState {\n  name: String\n  docNo: String # e.g, A.1\n  content: String # change to markdown later (includes links, tables...)\n  masterStatus: [Status!]! \n  globalTags: [GlobalTag!]!\n\toriginalContextData: [PHID!]!\n\tprovenance: URL # p0Hub backlink\n\tnotionId: String # verify if this can be changed to UUID type\n}\n\nenum Status {\n  PLACEHOLDER\n  PROVISIONAL # enables ecosystem participants to interact with the material in a practical context, resulting in valuable feedback or other data concerning the Document's appropriateness.\n  APPROVED # material instance can be integrated into the Atlas\n  DEFERRED\n  ARCHIVED\n}\n\nenum GlobalTag {\n    RECURSIVE_IMPROVEMENT,\n    SCOPE_ADVISOR,\n    DAO_TOOLKIT,\n    PURPOSE_SYSTEM,\n    ML__LOW_PRIORITY,\n    EXTERNAL_REFERENCE,\n    ML__DEFER,\n    SUBDAO_INCUBATION,\n    V1__MIP,\n    ML__HIGH_PRIORITY,\n    ECOSYSTEM_INTELLIGENCE,\n    LEGACY_TERM__USE_APPROVED,\n    CAIS,\n    INTERNAL_REFERENCE,\n    FACILITATORDAO,\n    ML___MED_PRIORITY,\n    AVC,\n    P0_HUB_ENTRY_NEEDED,\n    ANON_WORKFORCE,\n    NEWCHAIN,\n    ML__SUPPORT_DOCS_NEEDED,\n    SUBDAO_REWARDS,\n    TWO_STAGE_BRIDGE,\n}",
        "scope": "global"
      },
      "scope": "global",
      "id": "daac078f-3401-4831-bc51-c61c46e61803",
      "index": 3,
      "timestamp": "2024-12-05T13:19:14.046Z",
      "hash": "7K/Z3juULC3zTfTcDmbX04St1Qo=",
      "skip": 0
    },
    {
      "type": "SET_STATE_SCHEMA",
      "input": {
        "schema": "type AtlasScopeState {\n  name: String\n  docNo: String # e.g, A.1\n  content: String # change to markdown later (includes links, tables...)\n  masterStatus: [Status!]! \n  globalTags: [GlobalTag!]!\noriginalContextData: [PHID!]!\n\tprovenance: URL # p0Hub backlink\n\tnotionId: String # verify if this can be changed to UUID type\n}\n\nenum Status {\n  PLACEHOLDER\n  PROVISIONAL # enables ecosystem participants to interact with the material in a practical context, resulting in valuable feedback or other data concerning the Document's appropriateness.\n  APPROVED # material instance can be integrated into the Atlas\n  DEFERRED\n  ARCHIVED\n}\n\nenum GlobalTag {\n    RECURSIVE_IMPROVEMENT,\n    SCOPE_ADVISOR,\n    DAO_TOOLKIT,\n    PURPOSE_SYSTEM,\n    ML__LOW_PRIORITY,\n    EXTERNAL_REFERENCE,\n    ML__DEFER,\n    SUBDAO_INCUBATION,\n    V1__MIP,\n    ML__HIGH_PRIORITY,\n    ECOSYSTEM_INTELLIGENCE,\n    LEGACY_TERM__USE_APPROVED,\n    CAIS,\n    INTERNAL_REFERENCE,\n    FACILITATORDAO,\n    ML___MED_PRIORITY,\n    AVC,\n    P0_HUB_ENTRY_NEEDED,\n    ANON_WORKFORCE,\n    NEWCHAIN,\n    ML__SUPPORT_DOCS_NEEDED,\n    SUBDAO_REWARDS,\n    TWO_STAGE_BRIDGE,\n}",
        "scope": "global"
      },
      "scope": "global",
      "id": "5840ca29-f05e-465f-a310-f9b107cb7f26",
      "index": 4,
      "timestamp": "2024-12-05T13:19:17.224Z",
      "hash": "BQmmiEl/spRubMC0TiCuA5O7CRc=",
      "skip": 0
    },
    {
      "type": "SET_STATE_SCHEMA",
      "input": {
        "schema": "type AtlasScopeState {\n  name: String\n  docNo: String # e.g, A.1\n  content: String # change to markdown later (includes links, tables...)\n  masterStatus: [Status!]! \n  globalTags: [GlobalTag!]!\n  originalContextData: [PHID!]!\n\tprovenance: URL # p0Hub backlink\n\tnotionId: String # verify if this can be changed to UUID type\n}\n\nenum Status {\n  PLACEHOLDER\n  PROVISIONAL # enables ecosystem participants to interact with the material in a practical context, resulting in valuable feedback or other data concerning the Document's appropriateness.\n  APPROVED # material instance can be integrated into the Atlas\n  DEFERRED\n  ARCHIVED\n}\n\nenum GlobalTag {\n    RECURSIVE_IMPROVEMENT,\n    SCOPE_ADVISOR,\n    DAO_TOOLKIT,\n    PURPOSE_SYSTEM,\n    ML__LOW_PRIORITY,\n    EXTERNAL_REFERENCE,\n    ML__DEFER,\n    SUBDAO_INCUBATION,\n    V1__MIP,\n    ML__HIGH_PRIORITY,\n    ECOSYSTEM_INTELLIGENCE,\n    LEGACY_TERM__USE_APPROVED,\n    CAIS,\n    INTERNAL_REFERENCE,\n    FACILITATORDAO,\n    ML___MED_PRIORITY,\n    AVC,\n    P0_HUB_ENTRY_NEEDED,\n    ANON_WORKFORCE,\n    NEWCHAIN,\n    ML__SUPPORT_DOCS_NEEDED,\n    SUBDAO_REWARDS,\n    TWO_STAGE_BRIDGE,\n}",
        "scope": "global"
      },
      "scope": "global",
      "id": "31ecd548-eaf4-43f6-b40e-9fa7a76fd1a2",
      "index": 5,
      "timestamp": "2024-12-05T13:19:17.770Z",
      "hash": "WTMPQ0DmPBsTW9INF0pqIqIl9Jw=",
      "skip": 0
    },
    {
      "type": "SET_STATE_SCHEMA",
      "input": {
        "schema": "type AtlasScopeState {\n  name: String\n  docNo: String # e.g, A.1\n  content: String # change to markdown later (includes links, tables...)\n  masterStatus: [Status!]! \n  globalTags: [GlobalTag!]!\n  originalContextData: [PHID!]!\n  provenance: URL # p0Hub backlink\n\tnotionId: String # verify if this can be changed to UUID type\n}\n\nenum Status {\n  PLACEHOLDER\n  PROVISIONAL # enables ecosystem participants to interact with the material in a practical context, resulting in valuable feedback or other data concerning the Document's appropriateness.\n  APPROVED # material instance can be integrated into the Atlas\n  DEFERRED\n  ARCHIVED\n}\n\nenum GlobalTag {\n    RECURSIVE_IMPROVEMENT,\n    SCOPE_ADVISOR,\n    DAO_TOOLKIT,\n    PURPOSE_SYSTEM,\n    ML__LOW_PRIORITY,\n    EXTERNAL_REFERENCE,\n    ML__DEFER,\n    SUBDAO_INCUBATION,\n    V1__MIP,\n    ML__HIGH_PRIORITY,\n    ECOSYSTEM_INTELLIGENCE,\n    LEGACY_TERM__USE_APPROVED,\n    CAIS,\n    INTERNAL_REFERENCE,\n    FACILITATORDAO,\n    ML___MED_PRIORITY,\n    AVC,\n    P0_HUB_ENTRY_NEEDED,\n    ANON_WORKFORCE,\n    NEWCHAIN,\n    ML__SUPPORT_DOCS_NEEDED,\n    SUBDAO_REWARDS,\n    TWO_STAGE_BRIDGE,\n}",
        "scope": "global"
      },
      "scope": "global",
      "id": "9cdee29c-8586-4e75-8185-bb2e86a5385f",
      "index": 6,
      "timestamp": "2024-12-05T13:19:19.261Z",
      "hash": "YaXxPUE7Ch5SUrl7xH2dWNxnTu8=",
      "skip": 0
    },
    {
      "type": "SET_STATE_SCHEMA",
      "input": {
        "schema": "type AtlasScopeState {\n  name: String\n  docNo: String # e.g, A.1\n  content: String # change to markdown later (includes links, tables...)\n  masterStatus: [Status!]! \n  globalTags: [GlobalTag!]!\n  originalContextData: [PHID!]!\n  provenance: URL # p0Hub backlink\n  notionId: String # verify if this can be changed to UUID type\n}\n\nenum Status {\n  PLACEHOLDER\n  PROVISIONAL # enables ecosystem participants to interact with the material in a practical context, resulting in valuable feedback or other data concerning the Document's appropriateness.\n  APPROVED # material instance can be integrated into the Atlas\n  DEFERRED\n  ARCHIVED\n}\n\nenum GlobalTag {\n    RECURSIVE_IMPROVEMENT,\n    SCOPE_ADVISOR,\n    DAO_TOOLKIT,\n    PURPOSE_SYSTEM,\n    ML__LOW_PRIORITY,\n    EXTERNAL_REFERENCE,\n    ML__DEFER,\n    SUBDAO_INCUBATION,\n    V1__MIP,\n    ML__HIGH_PRIORITY,\n    ECOSYSTEM_INTELLIGENCE,\n    LEGACY_TERM__USE_APPROVED,\n    CAIS,\n    INTERNAL_REFERENCE,\n    FACILITATORDAO,\n    ML___MED_PRIORITY,\n    AVC,\n    P0_HUB_ENTRY_NEEDED,\n    ANON_WORKFORCE,\n    NEWCHAIN,\n    ML__SUPPORT_DOCS_NEEDED,\n    SUBDAO_REWARDS,\n    TWO_STAGE_BRIDGE,\n}",
        "scope": "global"
      },
      "scope": "global",
      "id": "b9f72913-0d78-40d0-86fd-a81aefcaa29d",
      "index": 7,
      "timestamp": "2024-12-05T13:19:20.386Z",
      "hash": "5FrX+yO9IJRI01kXh0xd1S5IsAA=",
      "skip": 0
    },
    {
      "type": "SET_STATE_SCHEMA",
      "input": {
        "schema": "type AtlasScopeState {\n  name: String\n  docNo: String # e.g, A.1\n  content: String # change to markdown later (includes links, tables...)\n  masterStatus: [Status!]! \n  globalTags: [GlobalTag!]!\n  originalContextData: [PHID!]!\n  provenance: URL # p0Hub backlink\n  notionId: String # verify if this can be changed to UUID type\n}\n\nenum Status {\n  PLACEHOLDER\n  PROVISIONAL # enables ecosystem participants to interact with the material in a practical context, resulting in valuable feedback or other data concerning the Document's appropriateness.\n  APPROVED # material instance can be integrated into the Atlas\n  DEFERRED\n  ARCHIVED\n}\n\nenum GlobalTag {\n  RECURSIVE_IMPROVEMENT,\n    SCOPE_ADVISOR,\n    DAO_TOOLKIT,\n    PURPOSE_SYSTEM,\n    ML__LOW_PRIORITY,\n    EXTERNAL_REFERENCE,\n    ML__DEFER,\n    SUBDAO_INCUBATION,\n    V1__MIP,\n    ML__HIGH_PRIORITY,\n    ECOSYSTEM_INTELLIGENCE,\n    LEGACY_TERM__USE_APPROVED,\n    CAIS,\n    INTERNAL_REFERENCE,\n    FACILITATORDAO,\n    ML___MED_PRIORITY,\n    AVC,\n    P0_HUB_ENTRY_NEEDED,\n    ANON_WORKFORCE,\n    NEWCHAIN,\n    ML__SUPPORT_DOCS_NEEDED,\n    SUBDAO_REWARDS,\n    TWO_STAGE_BRIDGE,\n}",
        "scope": "global"
      },
      "scope": "global",
      "id": "ddccc0a3-04e3-4ed2-b381-a1c2d5e172b5",
      "index": 8,
      "timestamp": "2024-12-05T13:19:25.059Z",
      "hash": "0IYLngxcBH8SNoKQCZtLOPsZ0n4=",
      "skip": 0
    },
    {
      "type": "SET_STATE_SCHEMA",
      "input": {
        "schema": "type AtlasScopeState {\n  name: String\n  docNo: String # e.g, A.1\n  content: String # change to markdown later (includes links, tables...)\n  masterStatus: [Status!]! \n  globalTags: [GlobalTag!]!\n  originalContextData: [PHID!]!\n  provenance: URL # p0Hub backlink\n  notionId: String # verify if this can be changed to UUID type\n}\n\nenum Status {\n  PLACEHOLDER\n  PROVISIONAL # enables ecosystem participants to interact with the material in a practical context, resulting in valuable feedback or other data concerning the Document's appropriateness.\n  APPROVED # material instance can be integrated into the Atlas\n  DEFERRED\n  ARCHIVED\n}\n\nenum GlobalTag {\n  RECURSIVE_IMPROVEMENT,\n  SCOPE_ADVISOR,\n    DAO_TOOLKIT,\n    PURPOSE_SYSTEM,\n    ML__LOW_PRIORITY,\n    EXTERNAL_REFERENCE,\n    ML__DEFER,\n    SUBDAO_INCUBATION,\n    V1__MIP,\n    ML__HIGH_PRIORITY,\n    ECOSYSTEM_INTELLIGENCE,\n    LEGACY_TERM__USE_APPROVED,\n    CAIS,\n    INTERNAL_REFERENCE,\n    FACILITATORDAO,\n    ML___MED_PRIORITY,\n    AVC,\n    P0_HUB_ENTRY_NEEDED,\n    ANON_WORKFORCE,\n    NEWCHAIN,\n    ML__SUPPORT_DOCS_NEEDED,\n    SUBDAO_REWARDS,\n    TWO_STAGE_BRIDGE,\n}",
        "scope": "global"
      },
      "scope": "global",
      "id": "e8b146ee-bdaf-4ed4-9a72-5ca847de2e42",
      "index": 9,
      "timestamp": "2024-12-05T13:19:26.635Z",
      "hash": "n4MbsvMuoOZj5+Y1DPfJqaf+npE=",
      "skip": 0
    },
    {
      "type": "SET_STATE_SCHEMA",
      "input": {
        "schema": "type AtlasScopeState {\n  name: String\n  docNo: String # e.g, A.1\n  content: String # change to markdown later (includes links, tables...)\n  masterStatus: [Status!]! \n  globalTags: [GlobalTag!]!\n  originalContextData: [PHID!]!\n  provenance: URL # p0Hub backlink\n  notionId: String # verify if this can be changed to UUID type\n}\n\nenum Status {\n  PLACEHOLDER\n  PROVISIONAL # enables ecosystem participants to interact with the material in a practical context, resulting in valuable feedback or other data concerning the Document's appropriateness.\n  APPROVED # material instance can be integrated into the Atlas\n  DEFERRED\n  ARCHIVED\n}\n\nenum GlobalTag {\n  RECURSIVE_IMPROVEMENT,\n  SCOPE_ADVISOR,\n  DAO_TOOLKIT,\n    PURPOSE_SYSTEM,\n    ML__LOW_PRIORITY,\n    EXTERNAL_REFERENCE,\n    ML__DEFER,\n    SUBDAO_INCUBATION,\n    V1__MIP,\n    ML__HIGH_PRIORITY,\n    ECOSYSTEM_INTELLIGENCE,\n    LEGACY_TERM__USE_APPROVED,\n    CAIS,\n    INTERNAL_REFERENCE,\n    FACILITATORDAO,\n    ML___MED_PRIORITY,\n    AVC,\n    P0_HUB_ENTRY_NEEDED,\n    ANON_WORKFORCE,\n    NEWCHAIN,\n    ML__SUPPORT_DOCS_NEEDED,\n    SUBDAO_REWARDS,\n    TWO_STAGE_BRIDGE,\n}",
        "scope": "global"
      },
      "scope": "global",
      "id": "e0b5a4fb-0d46-4962-b4d5-4fe5782281b0",
      "index": 10,
      "timestamp": "2024-12-05T13:19:27.769Z",
      "hash": "T+vpJB+/7LMr/2dzzNVy8f6HAmU=",
      "skip": 0
    },
    {
      "type": "SET_STATE_SCHEMA",
      "input": {
        "schema": "type AtlasScopeState {\n  name: String\n  docNo: String # e.g, A.1\n  content: String # change to markdown later (includes links, tables...)\n  masterStatus: [Status!]! \n  globalTags: [GlobalTag!]!\n  originalContextData: [PHID!]!\n  provenance: URL # p0Hub backlink\n  notionId: String # verify if this can be changed to UUID type\n}\n\nenum Status {\n  PLACEHOLDER\n  PROVISIONAL # enables ecosystem participants to interact with the material in a practical context, resulting in valuable feedback or other data concerning the Document's appropriateness.\n  APPROVED # material instance can be integrated into the Atlas\n  DEFERRED\n  ARCHIVED\n}\n\nenum GlobalTag {\n  RECURSIVE_IMPROVEMENT,\n  SCOPE_ADVISOR,\n  DAO_TOOLKIT,\n  PURPOSE_SYSTEM,\n    ML__LOW_PRIORITY,\n    EXTERNAL_REFERENCE,\n    ML__DEFER,\n    SUBDAO_INCUBATION,\n    V1__MIP,\n    ML__HIGH_PRIORITY,\n    ECOSYSTEM_INTELLIGENCE,\n    LEGACY_TERM__USE_APPROVED,\n    CAIS,\n    INTERNAL_REFERENCE,\n    FACILITATORDAO,\n    ML___MED_PRIORITY,\n    AVC,\n    P0_HUB_ENTRY_NEEDED,\n    ANON_WORKFORCE,\n    NEWCHAIN,\n    ML__SUPPORT_DOCS_NEEDED,\n    SUBDAO_REWARDS,\n    TWO_STAGE_BRIDGE,\n}",
        "scope": "global"
      },
      "scope": "global",
      "id": "91b5e3f8-b49e-4ca4-96fb-d298d68d7d1b",
      "index": 11,
      "timestamp": "2024-12-05T13:19:28.778Z",
      "hash": "3qo8/2L161HvxK5ew1idFLW0L9A=",
      "skip": 0
    },
    {
      "type": "SET_STATE_SCHEMA",
      "input": {
        "schema": "type AtlasScopeState {\n  name: String\n  docNo: String # e.g, A.1\n  content: String # change to markdown later (includes links, tables...)\n  masterStatus: [Status!]! \n  globalTags: [GlobalTag!]!\n  originalContextData: [PHID!]!\n  provenance: URL # p0Hub backlink\n  notionId: String # verify if this can be changed to UUID type\n}\n\nenum Status {\n  PLACEHOLDER\n  PROVISIONAL # enables ecosystem participants to interact with the material in a practical context, resulting in valuable feedback or other data concerning the Document's appropriateness.\n  APPROVED # material instance can be integrated into the Atlas\n  DEFERRED\n  ARCHIVED\n}\n\nenum GlobalTag {\n  RECURSIVE_IMPROVEMENT,\n  SCOPE_ADVISOR,\n  DAO_TOOLKIT,\n  PURPOSE_SYSTEM,\n  ML__LOW_PRIORITY,\n    EXTERNAL_REFERENCE,\n    ML__DEFER,\n    SUBDAO_INCUBATION,\n    V1__MIP,\n    ML__HIGH_PRIORITY,\n    ECOSYSTEM_INTELLIGENCE,\n    LEGACY_TERM__USE_APPROVED,\n    CAIS,\n    INTERNAL_REFERENCE,\n    FACILITATORDAO,\n    ML___MED_PRIORITY,\n    AVC,\n    P0_HUB_ENTRY_NEEDED,\n    ANON_WORKFORCE,\n    NEWCHAIN,\n    ML__SUPPORT_DOCS_NEEDED,\n    SUBDAO_REWARDS,\n    TWO_STAGE_BRIDGE,\n}",
        "scope": "global"
      },
      "scope": "global",
      "id": "45195d65-2ce8-4a20-a9c2-d2f0446f87b1",
      "index": 12,
      "timestamp": "2024-12-05T13:19:29.742Z",
      "hash": "jPKFBx8edCax+ZjbGalvVEP1V0Y=",
      "skip": 0
    },
    {
      "type": "SET_STATE_SCHEMA",
      "input": {
        "schema": "type AtlasScopeState {\n  name: String\n  docNo: String # e.g, A.1\n  content: String # change to markdown later (includes links, tables...)\n  masterStatus: [Status!]! \n  globalTags: [GlobalTag!]!\n  originalContextData: [PHID!]!\n  provenance: URL # p0Hub backlink\n  notionId: String # verify if this can be changed to UUID type\n}\n\nenum Status {\n  PLACEHOLDER\n  PROVISIONAL # enables ecosystem participants to interact with the material in a practical context, resulting in valuable feedback or other data concerning the Document's appropriateness.\n  APPROVED # material instance can be integrated into the Atlas\n  DEFERRED\n  ARCHIVED\n}\n\nenum GlobalTag {\n  RECURSIVE_IMPROVEMENT,\n  SCOPE_ADVISOR,\n  DAO_TOOLKIT,\n  PURPOSE_SYSTEM,\n  ML__LOW_PRIORITY,\n  EXTERNAL_REFERENCE,\n    ML__DEFER,\n    SUBDAO_INCUBATION,\n    V1__MIP,\n    ML__HIGH_PRIORITY,\n    ECOSYSTEM_INTELLIGENCE,\n    LEGACY_TERM__USE_APPROVED,\n    CAIS,\n    INTERNAL_REFERENCE,\n    FACILITATORDAO,\n    ML___MED_PRIORITY,\n    AVC,\n    P0_HUB_ENTRY_NEEDED,\n    ANON_WORKFORCE,\n    NEWCHAIN,\n    ML__SUPPORT_DOCS_NEEDED,\n    SUBDAO_REWARDS,\n    TWO_STAGE_BRIDGE,\n}",
        "scope": "global"
      },
      "scope": "global",
      "id": "4ad5a9d3-f249-4e35-9487-b1ae96cc7ae1",
      "index": 13,
      "timestamp": "2024-12-05T13:19:30.760Z",
      "hash": "vdCwtajWFxhQ6ltMxrQc5h9Vfz4=",
      "skip": 0
    },
    {
      "type": "SET_STATE_SCHEMA",
      "input": {
        "schema": "type AtlasScopeState {\n  name: String\n  docNo: String # e.g, A.1\n  content: String # change to markdown later (includes links, tables...)\n  masterStatus: [Status!]! \n  globalTags: [GlobalTag!]!\n  originalContextData: [PHID!]!\n  provenance: URL # p0Hub backlink\n  notionId: String # verify if this can be changed to UUID type\n}\n\nenum Status {\n  PLACEHOLDER\n  PROVISIONAL # enables ecosystem participants to interact with the material in a practical context, resulting in valuable feedback or other data concerning the Document's appropriateness.\n  APPROVED # material instance can be integrated into the Atlas\n  DEFERRED\n  ARCHIVED\n}\n\nenum GlobalTag {\n  RECURSIVE_IMPROVEMENT,\n  SCOPE_ADVISOR,\n  DAO_TOOLKIT,\n  PURPOSE_SYSTEM,\n  ML__LOW_PRIORITY,\n  EXTERNAL_REFERENCE,\n  ML__DEFER,\n    SUBDAO_INCUBATION,\n    V1__MIP,\n    ML__HIGH_PRIORITY,\n    ECOSYSTEM_INTELLIGENCE,\n    LEGACY_TERM__USE_APPROVED,\n    CAIS,\n    INTERNAL_REFERENCE,\n    FACILITATORDAO,\n    ML___MED_PRIORITY,\n    AVC,\n    P0_HUB_ENTRY_NEEDED,\n    ANON_WORKFORCE,\n    NEWCHAIN,\n    ML__SUPPORT_DOCS_NEEDED,\n    SUBDAO_REWARDS,\n    TWO_STAGE_BRIDGE,\n}",
        "scope": "global"
      },
      "scope": "global",
      "id": "d145bcd2-88c7-4b34-b0c6-edf24eac1e55",
      "index": 14,
      "timestamp": "2024-12-05T13:19:31.870Z",
      "hash": "dbS9H8yqe5iEG2IgnSSQY1q24Pc=",
      "skip": 0
    },
    {
      "type": "SET_STATE_SCHEMA",
      "input": {
        "schema": "type AtlasScopeState {\n  name: String\n  docNo: String # e.g, A.1\n  content: String # change to markdown later (includes links, tables...)\n  masterStatus: [Status!]! \n  globalTags: [GlobalTag!]!\n  originalContextData: [PHID!]!\n  provenance: URL # p0Hub backlink\n  notionId: String # verify if this can be changed to UUID type\n}\n\nenum Status {\n  PLACEHOLDER\n  PROVISIONAL # enables ecosystem participants to interact with the material in a practical context, resulting in valuable feedback or other data concerning the Document's appropriateness.\n  APPROVED # material instance can be integrated into the Atlas\n  DEFERRED\n  ARCHIVED\n}\n\nenum GlobalTag {\n  RECURSIVE_IMPROVEMENT,\n  SCOPE_ADVISOR,\n  DAO_TOOLKIT,\n  PURPOSE_SYSTEM,\n  ML__LOW_PRIORITY,\n  EXTERNAL_REFERENCE,\n  ML__DEFER,\n  SUBDAO_INCUBATION,\n    V1__MIP,\n    ML__HIGH_PRIORITY,\n    ECOSYSTEM_INTELLIGENCE,\n    LEGACY_TERM__USE_APPROVED,\n    CAIS,\n    INTERNAL_REFERENCE,\n    FACILITATORDAO,\n    ML___MED_PRIORITY,\n    AVC,\n    P0_HUB_ENTRY_NEEDED,\n    ANON_WORKFORCE,\n    NEWCHAIN,\n    ML__SUPPORT_DOCS_NEEDED,\n    SUBDAO_REWARDS,\n    TWO_STAGE_BRIDGE,\n}",
        "scope": "global"
      },
      "scope": "global",
      "id": "a723223d-e2ff-4ae4-af2b-e031ff866495",
      "index": 15,
      "timestamp": "2024-12-05T13:19:32.742Z",
      "hash": "A2hw2OC7101U4ONX3FLzBbOHTD4=",
      "skip": 0
    },
    {
      "type": "SET_STATE_SCHEMA",
      "input": {
        "schema": "type AtlasScopeState {\n  name: String\n  docNo: String # e.g, A.1\n  content: String # change to markdown later (includes links, tables...)\n  masterStatus: [Status!]! \n  globalTags: [GlobalTag!]!\n  originalContextData: [PHID!]!\n  provenance: URL # p0Hub backlink\n  notionId: String # verify if this can be changed to UUID type\n}\n\nenum Status {\n  PLACEHOLDER\n  PROVISIONAL # enables ecosystem participants to interact with the material in a practical context, resulting in valuable feedback or other data concerning the Document's appropriateness.\n  APPROVED # material instance can be integrated into the Atlas\n  DEFERRED\n  ARCHIVED\n}\n\nenum GlobalTag {\n  RECURSIVE_IMPROVEMENT,\n  SCOPE_ADVISOR,\n  DAO_TOOLKIT,\n  PURPOSE_SYSTEM,\n  ML__LOW_PRIORITY,\n  EXTERNAL_REFERENCE,\n  ML__DEFER,\n  SUBDAO_INCUBATION,\n  V1__MIP,\n    ML__HIGH_PRIORITY,\n    ECOSYSTEM_INTELLIGENCE,\n    LEGACY_TERM__USE_APPROVED,\n    CAIS,\n    INTERNAL_REFERENCE,\n    FACILITATORDAO,\n    ML___MED_PRIORITY,\n    AVC,\n    P0_HUB_ENTRY_NEEDED,\n    ANON_WORKFORCE,\n    NEWCHAIN,\n    ML__SUPPORT_DOCS_NEEDED,\n    SUBDAO_REWARDS,\n    TWO_STAGE_BRIDGE,\n}",
        "scope": "global"
      },
      "scope": "global",
      "id": "94d36da9-b010-4f94-b52e-c6777a4e196c",
      "index": 16,
      "timestamp": "2024-12-05T13:19:34.621Z",
      "hash": "gM4339+79QYddncYzSlkJ5YsEOA=",
      "skip": 0
    },
    {
      "type": "SET_STATE_SCHEMA",
      "input": {
        "schema": "type AtlasScopeState {\n  name: String\n  docNo: String # e.g, A.1\n  content: String # change to markdown later (includes links, tables...)\n  masterStatus: [Status!]! \n  globalTags: [GlobalTag!]!\n  originalContextData: [PHID!]!\n  provenance: URL # p0Hub backlink\n  notionId: String # verify if this can be changed to UUID type\n}\n\nenum Status {\n  PLACEHOLDER\n  PROVISIONAL # enables ecosystem participants to interact with the material in a practical context, resulting in valuable feedback or other data concerning the Document's appropriateness.\n  APPROVED # material instance can be integrated into the Atlas\n  DEFERRED\n  ARCHIVED\n}\n\nenum GlobalTag {\n  RECURSIVE_IMPROVEMENT,\n  SCOPE_ADVISOR,\n  DAO_TOOLKIT,\n  PURPOSE_SYSTEM,\n  ML__LOW_PRIORITY,\n  EXTERNAL_REFERENCE,\n  ML__DEFER,\n  SUBDAO_INCUBATION,\n  V1__MIP,\n  ML__HIGH_PRIORITY,\n    ECOSYSTEM_INTELLIGENCE,\n    LEGACY_TERM__USE_APPROVED,\n    CAIS,\n    INTERNAL_REFERENCE,\n    FACILITATORDAO,\n    ML___MED_PRIORITY,\n    AVC,\n    P0_HUB_ENTRY_NEEDED,\n    ANON_WORKFORCE,\n    NEWCHAIN,\n    ML__SUPPORT_DOCS_NEEDED,\n    SUBDAO_REWARDS,\n    TWO_STAGE_BRIDGE,\n}",
        "scope": "global"
      },
      "scope": "global",
      "id": "28fa9f04-e1f5-400f-a0cc-2d6c3acca113",
      "index": 17,
      "timestamp": "2024-12-05T13:19:35.512Z",
      "hash": "3Yz8M2IBW/n7d7CFowxYuEdxTig=",
      "skip": 0
    },
    {
      "type": "SET_STATE_SCHEMA",
      "input": {
        "schema": "type AtlasScopeState {\n  name: String\n  docNo: String # e.g, A.1\n  content: String # change to markdown later (includes links, tables...)\n  masterStatus: [Status!]! \n  globalTags: [GlobalTag!]!\n  originalContextData: [PHID!]!\n  provenance: URL # p0Hub backlink\n  notionId: String # verify if this can be changed to UUID type\n}\n\nenum Status {\n  PLACEHOLDER\n  PROVISIONAL # enables ecosystem participants to interact with the material in a practical context, resulting in valuable feedback or other data concerning the Document's appropriateness.\n  APPROVED # material instance can be integrated into the Atlas\n  DEFERRED\n  ARCHIVED\n}\n\nenum GlobalTag {\n  RECURSIVE_IMPROVEMENT,\n  SCOPE_ADVISOR,\n  DAO_TOOLKIT,\n  PURPOSE_SYSTEM,\n  ML__LOW_PRIORITY,\n  EXTERNAL_REFERENCE,\n  ML__DEFER,\n  SUBDAO_INCUBATION,\n  V1__MIP,\n  ML__HIGH_PRIORITY,\n  ECOSYSTEM_INTELLIGENCE,\n    LEGACY_TERM__USE_APPROVED,\n    CAIS,\n    INTERNAL_REFERENCE,\n    FACILITATORDAO,\n    ML___MED_PRIORITY,\n    AVC,\n    P0_HUB_ENTRY_NEEDED,\n    ANON_WORKFORCE,\n    NEWCHAIN,\n    ML__SUPPORT_DOCS_NEEDED,\n    SUBDAO_REWARDS,\n    TWO_STAGE_BRIDGE,\n}",
        "scope": "global"
      },
      "scope": "global",
      "id": "f0caa7ed-8a62-489a-86f3-73654dede488",
      "index": 18,
      "timestamp": "2024-12-05T13:19:39.007Z",
      "hash": "il/JCFcQ0sHPVZIDiHbDl7o3V8c=",
      "skip": 0
    },
    {
      "type": "SET_STATE_SCHEMA",
      "input": {
        "schema": "type AtlasScopeState {\n  name: String\n  docNo: String # e.g, A.1\n  content: String # change to markdown later (includes links, tables...)\n  masterStatus: [Status!]! \n  globalTags: [GlobalTag!]!\n  originalContextData: [PHID!]!\n  provenance: URL # p0Hub backlink\n  notionId: String # verify if this can be changed to UUID type\n}\n\nenum Status {\n  PLACEHOLDER\n  PROVISIONAL # enables ecosystem participants to interact with the material in a practical context, resulting in valuable feedback or other data concerning the Document's appropriateness.\n  APPROVED # material instance can be integrated into the Atlas\n  DEFERRED\n  ARCHIVED\n}\n\nenum GlobalTag {\n  RECURSIVE_IMPROVEMENT,\n  SCOPE_ADVISOR,\n  DAO_TOOLKIT,\n  PURPOSE_SYSTEM,\n  ML__LOW_PRIORITY,\n  EXTERNAL_REFERENCE,\n  ML__DEFER,\n  SUBDAO_INCUBATION,\n  V1__MIP,\n  ML__HIGH_PRIORITY,\n  ECOSYSTEM_INTELLIGENCE,\n  LEGACY_TERM__USE_APPROVED,\n    CAIS,\n    INTERNAL_REFERENCE,\n    FACILITATORDAO,\n    ML___MED_PRIORITY,\n    AVC,\n    P0_HUB_ENTRY_NEEDED,\n    ANON_WORKFORCE,\n    NEWCHAIN,\n    ML__SUPPORT_DOCS_NEEDED,\n    SUBDAO_REWARDS,\n    TWO_STAGE_BRIDGE,\n}",
        "scope": "global"
      },
      "scope": "global",
      "id": "0015dbf7-1055-4a76-b90b-850140b12eec",
      "index": 19,
      "timestamp": "2024-12-05T13:19:42.088Z",
      "hash": "jBlGepH/X8Lc6FfbIg5g6PhPOgQ=",
      "skip": 0
    },
    {
      "type": "SET_STATE_SCHEMA",
      "input": {
        "schema": "type AtlasScopeState {\n  name: String\n  docNo: String # e.g, A.1\n  content: String # change to markdown later (includes links, tables...)\n  masterStatus: [Status!]! \n  globalTags: [GlobalTag!]!\n  originalContextData: [PHID!]!\n  provenance: URL # p0Hub backlink\n  notionId: String # verify if this can be changed to UUID type\n}\n\nenum Status {\n  PLACEHOLDER\n  PROVISIONAL # enables ecosystem participants to interact with the material in a practical context, resulting in valuable feedback or other data concerning the Document's appropriateness.\n  APPROVED # material instance can be integrated into the Atlas\n  DEFERRED\n  ARCHIVED\n}\n\nenum GlobalTag {\n  RECURSIVE_IMPROVEMENT,\n  SCOPE_ADVISOR,\n  DAO_TOOLKIT,\n  PURPOSE_SYSTEM,\n  ML__LOW_PRIORITY,\n  EXTERNAL_REFERENCE,\n  ML__DEFER,\n  SUBDAO_INCUBATION,\n  V1__MIP,\n  ML__HIGH_PRIORITY,\n  ECOSYSTEM_INTELLIGENCE,\n  LEGACY_TERM__USE_APPROVED,\n  CAIS,\n    INTERNAL_REFERENCE,\n    FACILITATORDAO,\n    ML___MED_PRIORITY,\n    AVC,\n    P0_HUB_ENTRY_NEEDED,\n    ANON_WORKFORCE,\n    NEWCHAIN,\n    ML__SUPPORT_DOCS_NEEDED,\n    SUBDAO_REWARDS,\n    TWO_STAGE_BRIDGE,\n}",
        "scope": "global"
      },
      "scope": "global",
      "id": "f23bfd79-dc77-442c-b74d-4941ec4213de",
      "index": 20,
      "timestamp": "2024-12-05T13:19:43.624Z",
      "hash": "6k2Gq34WrHfsNNCTBvv+B3+bt9U=",
      "skip": 0
    },
    {
      "type": "SET_STATE_SCHEMA",
      "input": {
        "schema": "type AtlasScopeState {\n  name: String\n  docNo: String # e.g, A.1\n  content: String # change to markdown later (includes links, tables...)\n  masterStatus: [Status!]! \n  globalTags: [GlobalTag!]!\n  originalContextData: [PHID!]!\n  provenance: URL # p0Hub backlink\n  notionId: String # verify if this can be changed to UUID type\n}\n\nenum Status {\n  PLACEHOLDER\n  PROVISIONAL # enables ecosystem participants to interact with the material in a practical context, resulting in valuable feedback or other data concerning the Document's appropriateness.\n  APPROVED # material instance can be integrated into the Atlas\n  DEFERRED\n  ARCHIVED\n}\n\nenum GlobalTag {\n  RECURSIVE_IMPROVEMENT,\n  SCOPE_ADVISOR,\n  DAO_TOOLKIT,\n  PURPOSE_SYSTEM,\n  ML__LOW_PRIORITY,\n  EXTERNAL_REFERENCE,\n  ML__DEFER,\n  SUBDAO_INCUBATION,\n  V1__MIP,\n  ML__HIGH_PRIORITY,\n  ECOSYSTEM_INTELLIGENCE,\n  LEGACY_TERM__USE_APPROVED,\n  CAIS,\n  INTERNAL_REFERENCE,\n    FACILITATORDAO,\n    ML___MED_PRIORITY,\n    AVC,\n    P0_HUB_ENTRY_NEEDED,\n    ANON_WORKFORCE,\n    NEWCHAIN,\n    ML__SUPPORT_DOCS_NEEDED,\n    SUBDAO_REWARDS,\n    TWO_STAGE_BRIDGE,\n}",
        "scope": "global"
      },
      "scope": "global",
      "id": "5a201c4e-8a73-4920-a010-384c7e9c3451",
      "index": 21,
      "timestamp": "2024-12-05T13:19:45.535Z",
      "hash": "uyPV/FB3j844gtc4DA3fpnsWAQA=",
      "skip": 0
    },
    {
      "type": "SET_STATE_SCHEMA",
      "input": {
        "schema": "type AtlasScopeState {\n  name: String\n  docNo: String # e.g, A.1\n  content: String # change to markdown later (includes links, tables...)\n  masterStatus: [Status!]! \n  globalTags: [GlobalTag!]!\n  originalContextData: [PHID!]!\n  provenance: URL # p0Hub backlink\n  notionId: String # verify if this can be changed to UUID type\n}\n\nenum Status {\n  PLACEHOLDER\n  PROVISIONAL # enables ecosystem participants to interact with the material in a practical context, resulting in valuable feedback or other data concerning the Document's appropriateness.\n  APPROVED # material instance can be integrated into the Atlas\n  DEFERRED\n  ARCHIVED\n}\n\nenum GlobalTag {\n  RECURSIVE_IMPROVEMENT,\n  SCOPE_ADVISOR,\n  DAO_TOOLKIT,\n  PURPOSE_SYSTEM,\n  ML__LOW_PRIORITY,\n  EXTERNAL_REFERENCE,\n  ML__DEFER,\n  SUBDAO_INCUBATION,\n  V1__MIP,\n  ML__HIGH_PRIORITY,\n  ECOSYSTEM_INTELLIGENCE,\n  LEGACY_TERM__USE_APPROVED,\n  CAIS,\n  INTERNAL_REFERENCE,\n  FACILITATORDAO,\n    ML___MED_PRIORITY,\n    AVC,\n    P0_HUB_ENTRY_NEEDED,\n    ANON_WORKFORCE,\n    NEWCHAIN,\n    ML__SUPPORT_DOCS_NEEDED,\n    SUBDAO_REWARDS,\n    TWO_STAGE_BRIDGE,\n}",
        "scope": "global"
      },
      "scope": "global",
      "id": "bda83ffa-61d2-42e8-bdb7-5b43f2d28196",
      "index": 22,
      "timestamp": "2024-12-05T13:19:46.623Z",
      "hash": "FFczCVXl5+Frpx40Ruy3iSrYk/0=",
      "skip": 0
    },
    {
      "type": "SET_STATE_SCHEMA",
      "input": {
        "schema": "type AtlasScopeState {\n  name: String\n  docNo: String # e.g, A.1\n  content: String # change to markdown later (includes links, tables...)\n  masterStatus: [Status!]! \n  globalTags: [GlobalTag!]!\n  originalContextData: [PHID!]!\n  provenance: URL # p0Hub backlink\n  notionId: String # verify if this can be changed to UUID type\n}\n\nenum Status {\n  PLACEHOLDER\n  PROVISIONAL # enables ecosystem participants to interact with the material in a practical context, resulting in valuable feedback or other data concerning the Document's appropriateness.\n  APPROVED # material instance can be integrated into the Atlas\n  DEFERRED\n  ARCHIVED\n}\n\nenum GlobalTag {\n  RECURSIVE_IMPROVEMENT,\n  SCOPE_ADVISOR,\n  DAO_TOOLKIT,\n  PURPOSE_SYSTEM,\n  ML__LOW_PRIORITY,\n  EXTERNAL_REFERENCE,\n  ML__DEFER,\n  SUBDAO_INCUBATION,\n  V1__MIP,\n  ML__HIGH_PRIORITY,\n  ECOSYSTEM_INTELLIGENCE,\n  LEGACY_TERM__USE_APPROVED,\n  CAIS,\n  INTERNAL_REFERENCE,\n  FACILITATORDAO,\n  ML___MED_PRIORITY,\n    AVC,\n    P0_HUB_ENTRY_NEEDED,\n    ANON_WORKFORCE,\n    NEWCHAIN,\n    ML__SUPPORT_DOCS_NEEDED,\n    SUBDAO_REWARDS,\n    TWO_STAGE_BRIDGE,\n}",
        "scope": "global"
      },
      "scope": "global",
      "id": "46ccc7ab-62b6-4dcc-9d34-63e55ca7de49",
      "index": 23,
      "timestamp": "2024-12-05T13:19:47.577Z",
      "hash": "n7M7rmUBPeaajh/Y/QNKhvz4cAo=",
      "skip": 0
    },
    {
      "type": "SET_STATE_SCHEMA",
      "input": {
        "schema": "type AtlasScopeState {\n  name: String\n  docNo: String # e.g, A.1\n  content: String # change to markdown later (includes links, tables...)\n  masterStatus: [Status!]! \n  globalTags: [GlobalTag!]!\n  originalContextData: [PHID!]!\n  provenance: URL # p0Hub backlink\n  notionId: String # verify if this can be changed to UUID type\n}\n\nenum Status {\n  PLACEHOLDER\n  PROVISIONAL # enables ecosystem participants to interact with the material in a practical context, resulting in valuable feedback or other data concerning the Document's appropriateness.\n  APPROVED # material instance can be integrated into the Atlas\n  DEFERRED\n  ARCHIVED\n}\n\nenum GlobalTag {\n  RECURSIVE_IMPROVEMENT,\n  SCOPE_ADVISOR,\n  DAO_TOOLKIT,\n  PURPOSE_SYSTEM,\n  ML__LOW_PRIORITY,\n  EXTERNAL_REFERENCE,\n  ML__DEFER,\n  SUBDAO_INCUBATION,\n  V1__MIP,\n  ML__HIGH_PRIORITY,\n  ECOSYSTEM_INTELLIGENCE,\n  LEGACY_TERM__USE_APPROVED,\n  CAIS,\n  INTERNAL_REFERENCE,\n  FACILITATORDAO,\n  ML___MED_PRIORITY,\n  AVC,\n    P0_HUB_ENTRY_NEEDED,\n    ANON_WORKFORCE,\n    NEWCHAIN,\n    ML__SUPPORT_DOCS_NEEDED,\n    SUBDAO_REWARDS,\n    TWO_STAGE_BRIDGE,\n}",
        "scope": "global"
      },
      "scope": "global",
      "id": "a7e6d729-83b1-4861-b7cd-08d41e720e03",
      "index": 24,
      "timestamp": "2024-12-05T13:19:48.569Z",
      "hash": "MiSDjlRrQDFhWNyJBhbJbYmqJJI=",
      "skip": 0
    },
    {
      "type": "SET_STATE_SCHEMA",
      "input": {
        "schema": "type AtlasScopeState {\n  name: String\n  docNo: String # e.g, A.1\n  content: String # change to markdown later (includes links, tables...)\n  masterStatus: [Status!]! \n  globalTags: [GlobalTag!]!\n  originalContextData: [PHID!]!\n  provenance: URL # p0Hub backlink\n  notionId: String # verify if this can be changed to UUID type\n}\n\nenum Status {\n  PLACEHOLDER\n  PROVISIONAL # enables ecosystem participants to interact with the material in a practical context, resulting in valuable feedback or other data concerning the Document's appropriateness.\n  APPROVED # material instance can be integrated into the Atlas\n  DEFERRED\n  ARCHIVED\n}\n\nenum GlobalTag {\n  RECURSIVE_IMPROVEMENT,\n  SCOPE_ADVISOR,\n  DAO_TOOLKIT,\n  PURPOSE_SYSTEM,\n  ML__LOW_PRIORITY,\n  EXTERNAL_REFERENCE,\n  ML__DEFER,\n  SUBDAO_INCUBATION,\n  V1__MIP,\n  ML__HIGH_PRIORITY,\n  ECOSYSTEM_INTELLIGENCE,\n  LEGACY_TERM__USE_APPROVED,\n  CAIS,\n  INTERNAL_REFERENCE,\n  FACILITATORDAO,\n  ML___MED_PRIORITY,\n  AVC,\n  P0_HUB_ENTRY_NEEDED,\n    ANON_WORKFORCE,\n    NEWCHAIN,\n    ML__SUPPORT_DOCS_NEEDED,\n    SUBDAO_REWARDS,\n    TWO_STAGE_BRIDGE,\n}",
        "scope": "global"
      },
      "scope": "global",
      "id": "54e08727-6892-4e41-bcd2-57656d2545d2",
      "index": 25,
      "timestamp": "2024-12-05T13:19:49.451Z",
      "hash": "LU/6kK2BS08jG3j4000AQDAUxKk=",
      "skip": 0
    },
    {
      "type": "SET_STATE_SCHEMA",
      "input": {
        "schema": "type AtlasScopeState {\n  name: String\n  docNo: String # e.g, A.1\n  content: String # change to markdown later (includes links, tables...)\n  masterStatus: [Status!]! \n  globalTags: [GlobalTag!]!\n  originalContextData: [PHID!]!\n  provenance: URL # p0Hub backlink\n  notionId: String # verify if this can be changed to UUID type\n}\n\nenum Status {\n  PLACEHOLDER\n  PROVISIONAL # enables ecosystem participants to interact with the material in a practical context, resulting in valuable feedback or other data concerning the Document's appropriateness.\n  APPROVED # material instance can be integrated into the Atlas\n  DEFERRED\n  ARCHIVED\n}\n\nenum GlobalTag {\n  RECURSIVE_IMPROVEMENT,\n  SCOPE_ADVISOR,\n  DAO_TOOLKIT,\n  PURPOSE_SYSTEM,\n  ML__LOW_PRIORITY,\n  EXTERNAL_REFERENCE,\n  ML__DEFER,\n  SUBDAO_INCUBATION,\n  V1__MIP,\n  ML__HIGH_PRIORITY,\n  ECOSYSTEM_INTELLIGENCE,\n  LEGACY_TERM__USE_APPROVED,\n  CAIS,\n  INTERNAL_REFERENCE,\n  FACILITATORDAO,\n  ML___MED_PRIORITY,\n  AVC,\n  P0_HUB_ENTRY_NEEDED,\n  ANON_WORKFORCE,\n    NEWCHAIN,\n    ML__SUPPORT_DOCS_NEEDED,\n    SUBDAO_REWARDS,\n    TWO_STAGE_BRIDGE,\n}",
        "scope": "global"
      },
      "scope": "global",
      "id": "07fc1875-d43c-4d3c-b715-a93a1bebffea",
      "index": 26,
      "timestamp": "2024-12-05T13:19:50.715Z",
      "hash": "nnKOa+I4bRpgxIZa4iw335q2mAA=",
      "skip": 0
    },
    {
      "type": "SET_STATE_SCHEMA",
      "input": {
        "schema": "type AtlasScopeState {\n  name: String\n  docNo: String # e.g, A.1\n  content: String # change to markdown later (includes links, tables...)\n  masterStatus: [Status!]! \n  globalTags: [GlobalTag!]!\n  originalContextData: [PHID!]!\n  provenance: URL # p0Hub backlink\n  notionId: String # verify if this can be changed to UUID type\n}\n\nenum Status {\n  PLACEHOLDER\n  PROVISIONAL # enables ecosystem participants to interact with the material in a practical context, resulting in valuable feedback or other data concerning the Document's appropriateness.\n  APPROVED # material instance can be integrated into the Atlas\n  DEFERRED\n  ARCHIVED\n}\n\nenum GlobalTag {\n  RECURSIVE_IMPROVEMENT,\n  SCOPE_ADVISOR,\n  DAO_TOOLKIT,\n  PURPOSE_SYSTEM,\n  ML__LOW_PRIORITY,\n  EXTERNAL_REFERENCE,\n  ML__DEFER,\n  SUBDAO_INCUBATION,\n  V1__MIP,\n  ML__HIGH_PRIORITY,\n  ECOSYSTEM_INTELLIGENCE,\n  LEGACY_TERM__USE_APPROVED,\n  CAIS,\n  INTERNAL_REFERENCE,\n  FACILITATORDAO,\n  ML___MED_PRIORITY,\n  AVC,\n  P0_HUB_ENTRY_NEEDED,\n  ANON_WORKFORCE,\n  NEWCHAIN,\n    ML__SUPPORT_DOCS_NEEDED,\n    SUBDAO_REWARDS,\n    TWO_STAGE_BRIDGE,\n}",
        "scope": "global"
      },
      "scope": "global",
      "id": "2bf9aabb-cc23-4cea-af28-fbbe5a6893c0",
      "index": 27,
      "timestamp": "2024-12-05T13:19:51.758Z",
      "hash": "XPeBQXpcktFBrMcoq4qGPFfuM+Q=",
      "skip": 0
    },
    {
      "type": "SET_STATE_SCHEMA",
      "input": {
        "schema": "type AtlasScopeState {\n  name: String\n  docNo: String # e.g, A.1\n  content: String # change to markdown later (includes links, tables...)\n  masterStatus: [Status!]! \n  globalTags: [GlobalTag!]!\n  originalContextData: [PHID!]!\n  provenance: URL # p0Hub backlink\n  notionId: String # verify if this can be changed to UUID type\n}\n\nenum Status {\n  PLACEHOLDER\n  PROVISIONAL # enables ecosystem participants to interact with the material in a practical context, resulting in valuable feedback or other data concerning the Document's appropriateness.\n  APPROVED # material instance can be integrated into the Atlas\n  DEFERRED\n  ARCHIVED\n}\n\nenum GlobalTag {\n  RECURSIVE_IMPROVEMENT,\n  SCOPE_ADVISOR,\n  DAO_TOOLKIT,\n  PURPOSE_SYSTEM,\n  ML__LOW_PRIORITY,\n  EXTERNAL_REFERENCE,\n  ML__DEFER,\n  SUBDAO_INCUBATION,\n  V1__MIP,\n  ML__HIGH_PRIORITY,\n  ECOSYSTEM_INTELLIGENCE,\n  LEGACY_TERM__USE_APPROVED,\n  CAIS,\n  INTERNAL_REFERENCE,\n  FACILITATORDAO,\n  ML___MED_PRIORITY,\n  AVC,\n  P0_HUB_ENTRY_NEEDED,\n  ANON_WORKFORCE,\n  NEWCHAIN,\n  ML__SUPPORT_DOCS_NEEDED,\n    SUBDAO_REWARDS,\n    TWO_STAGE_BRIDGE,\n}",
        "scope": "global"
      },
      "scope": "global",
      "id": "0975cee5-4ba3-4e54-8337-d6a152ecf7c5",
      "index": 28,
      "timestamp": "2024-12-05T13:19:52.853Z",
      "hash": "65Y1Dm1b0aU7s8mQEFB3TkUdnR8=",
      "skip": 0
    },
    {
      "type": "SET_STATE_SCHEMA",
      "input": {
        "schema": "type AtlasScopeState {\n  name: String\n  docNo: String # e.g, A.1\n  content: String # change to markdown later (includes links, tables...)\n  masterStatus: [Status!]! \n  globalTags: [GlobalTag!]!\n  originalContextData: [PHID!]!\n  provenance: URL # p0Hub backlink\n  notionId: String # verify if this can be changed to UUID type\n}\n\nenum Status {\n  PLACEHOLDER\n  PROVISIONAL # enables ecosystem participants to interact with the material in a practical context, resulting in valuable feedback or other data concerning the Document's appropriateness.\n  APPROVED # material instance can be integrated into the Atlas\n  DEFERRED\n  ARCHIVED\n}\n\nenum GlobalTag {\n  RECURSIVE_IMPROVEMENT,\n  SCOPE_ADVISOR,\n  DAO_TOOLKIT,\n  PURPOSE_SYSTEM,\n  ML__LOW_PRIORITY,\n  EXTERNAL_REFERENCE,\n  ML__DEFER,\n  SUBDAO_INCUBATION,\n  V1__MIP,\n  ML__HIGH_PRIORITY,\n  ECOSYSTEM_INTELLIGENCE,\n  LEGACY_TERM__USE_APPROVED,\n  CAIS,\n  INTERNAL_REFERENCE,\n  FACILITATORDAO,\n  ML___MED_PRIORITY,\n  AVC,\n  P0_HUB_ENTRY_NEEDED,\n  ANON_WORKFORCE,\n  NEWCHAIN,\n  ML__SUPPORT_DOCS_NEEDED,\n  SUBDAO_REWARDS,\n    TWO_STAGE_BRIDGE,\n}",
        "scope": "global"
      },
      "scope": "global",
      "id": "7a466162-6062-4837-bbc8-6e0c153ca042",
      "index": 29,
      "timestamp": "2024-12-05T13:19:53.886Z",
      "hash": "i7Lgg/tewZC7C15X8K+Z/Bri8Y4=",
      "skip": 0
    },
    {
      "type": "SET_STATE_SCHEMA",
      "input": {
        "schema": "type AtlasScopeState {\n  name: String\n  docNo: String # e.g, A.1\n  content: String # change to markdown later (includes links, tables...)\n  masterStatus: [Status!]! \n  globalTags: [GlobalTag!]!\n  originalContextData: [PHID!]!\n  provenance: URL # p0Hub backlink\n  notionId: String # verify if this can be changed to UUID type\n}\n\nenum Status {\n  PLACEHOLDER\n  PROVISIONAL # enables ecosystem participants to interact with the material in a practical context, resulting in valuable feedback or other data concerning the Document's appropriateness.\n  APPROVED # material instance can be integrated into the Atlas\n  DEFERRED\n  ARCHIVED\n}\n\nenum GlobalTag {\n  RECURSIVE_IMPROVEMENT,\n  SCOPE_ADVISOR,\n  DAO_TOOLKIT,\n  PURPOSE_SYSTEM,\n  ML__LOW_PRIORITY,\n  EXTERNAL_REFERENCE,\n  ML__DEFER,\n  SUBDAO_INCUBATION,\n  V1__MIP,\n  ML__HIGH_PRIORITY,\n  ECOSYSTEM_INTELLIGENCE,\n  LEGACY_TERM__USE_APPROVED,\n  CAIS,\n  INTERNAL_REFERENCE,\n  FACILITATORDAO,\n  ML___MED_PRIORITY,\n  AVC,\n  P0_HUB_ENTRY_NEEDED,\n  ANON_WORKFORCE,\n  NEWCHAIN,\n  ML__SUPPORT_DOCS_NEEDED,\n  SUBDAO_REWARDS,\n  TWO_STAGE_BRIDGE,\n}",
        "scope": "global"
      },
      "scope": "global",
      "id": "e31dd27c-e789-4267-afdb-e314b92b8b70",
      "index": 30,
      "timestamp": "2024-12-05T13:19:54.880Z",
      "hash": "YkLJnmCKENRCpv4uQ7vEUlztQv4=",
      "skip": 0
    },
    {
      "type": "SET_STATE_SCHEMA",
      "input": {
        "schema": "type AtlasScopeState {\n  name: String\n  docNo: String # e.g, A.1\n  content: String # change to markdown later (includes links, tables...)\n \n  originalContextData: [PHID!]!\n  provenance: URL # p0Hub backlink\n  notionId: String # verify if this can be changed to UUID type\n}\n\nenum Status {\n  PLACEHOLDER\n  PROVISIONAL # enables ecosystem participants to interact with the material in a practical context, resulting in valuable feedback or other data concerning the Document's appropriateness.\n  APPROVED # material instance can be integrated into the Atlas\n  DEFERRED\n  ARCHIVED\n}\n\nenum GlobalTag {\n  RECURSIVE_IMPROVEMENT,\n  SCOPE_ADVISOR,\n  DAO_TOOLKIT,\n  PURPOSE_SYSTEM,\n  ML__LOW_PRIORITY,\n  EXTERNAL_REFERENCE,\n  ML__DEFER,\n  SUBDAO_INCUBATION,\n  V1__MIP,\n  ML__HIGH_PRIORITY,\n  ECOSYSTEM_INTELLIGENCE,\n  LEGACY_TERM__USE_APPROVED,\n  CAIS,\n  INTERNAL_REFERENCE,\n  FACILITATORDAO,\n  ML___MED_PRIORITY,\n  AVC,\n  P0_HUB_ENTRY_NEEDED,\n  ANON_WORKFORCE,\n  NEWCHAIN,\n  ML__SUPPORT_DOCS_NEEDED,\n  SUBDAO_REWARDS,\n  TWO_STAGE_BRIDGE,\n}",
        "scope": "global"
      },
      "scope": "global",
      "id": "de7a7f3a-5b56-4994-a924-9ab98b2eb058",
      "index": 31,
      "timestamp": "2024-12-05T13:20:02.716Z",
      "hash": "w+B4Dign4oFlt6UXuGiYCEbKuZQ=",
      "skip": 0
    },
    {
      "type": "SET_STATE_SCHEMA",
      "input": {
        "schema": "type AtlasScopeState {\n  name: String\n  docNo: String # e.g, A.1\n  content: String # change to markdown later (includes links, tables...)\n  originalContextData: [PHID!]!\n  provenance: URL # p0Hub backlink\n  notionId: String # verify if this can be changed to UUID type\n}\n\nenum Status {\n  PLACEHOLDER\n  PROVISIONAL # enables ecosystem participants to interact with the material in a practical context, resulting in valuable feedback or other data concerning the Document's appropriateness.\n  APPROVED # material instance can be integrated into the Atlas\n  DEFERRED\n  ARCHIVED\n}\n\nenum GlobalTag {\n  RECURSIVE_IMPROVEMENT,\n  SCOPE_ADVISOR,\n  DAO_TOOLKIT,\n  PURPOSE_SYSTEM,\n  ML__LOW_PRIORITY,\n  EXTERNAL_REFERENCE,\n  ML__DEFER,\n  SUBDAO_INCUBATION,\n  V1__MIP,\n  ML__HIGH_PRIORITY,\n  ECOSYSTEM_INTELLIGENCE,\n  LEGACY_TERM__USE_APPROVED,\n  CAIS,\n  INTERNAL_REFERENCE,\n  FACILITATORDAO,\n  ML___MED_PRIORITY,\n  AVC,\n  P0_HUB_ENTRY_NEEDED,\n  ANON_WORKFORCE,\n  NEWCHAIN,\n  ML__SUPPORT_DOCS_NEEDED,\n  SUBDAO_REWARDS,\n  TWO_STAGE_BRIDGE,\n}",
        "scope": "global"
      },
      "scope": "global",
      "id": "39147712-70d7-4e8a-ae90-d18373b17c89",
      "index": 32,
      "timestamp": "2024-12-05T13:20:05.520Z",
      "hash": "6FU5oLKAf0PxAv9bO41C/PaEhiI=",
      "skip": 0
    },
    {
      "type": "SET_INITIAL_STATE",
      "input": {
        "initialValue": "{\n  \"name\": \"\",\n  \"docNo\": \"\",\n  \"content\": \"\",\n  \"originalContextData\": [],\n  \"provenance\": \"\",\n  \"notionId\": \"\"\n}",
        "scope": "global"
      },
      "scope": "global",
      "id": "40217276-5207-4fe0-ac95-7f549970954d",
      "index": 33,
      "timestamp": "2024-12-05T13:20:09.826Z",
      "hash": "m+8LtiRTHlBrlNeGtbGREBE9J/Q=",
      "skip": 0
    },
    {
      "type": "SET_STATE_SCHEMA",
      "input": {
        "schema": "type AtlasScopeState {\n  name: String\n  docNo: String # e.g, A.1\n  content: String # change to markdown later (includes links, tables...)\n  masterStatus: [Status!]! \n  globalTags: [GlobalTag!]!\n  originalContextData: [PHID!]!\n  provenance: URL # p0Hub backlink\n  notionId: String # verify if this can be changed to UUID type\n}\n\nenum Status {\n  PLACEHOLDER\n  PROVISIONAL # enables ecosystem participants to interact with the material in a practical context, resulting in valuable feedback or other data concerning the Document's appropriateness.\n  APPROVED # material instance can be integrated into the Atlas\n  DEFERRED\n  ARCHIVED\n}\n\nenum GlobalTag {\n  RECURSIVE_IMPROVEMENT,\n  SCOPE_ADVISOR,\n  DAO_TOOLKIT,\n  PURPOSE_SYSTEM,\n  ML__LOW_PRIORITY,\n  EXTERNAL_REFERENCE,\n  ML__DEFER,\n  SUBDAO_INCUBATION,\n  V1__MIP,\n  ML__HIGH_PRIORITY,\n  ECOSYSTEM_INTELLIGENCE,\n  LEGACY_TERM__USE_APPROVED,\n  CAIS,\n  INTERNAL_REFERENCE,\n  FACILITATORDAO,\n  ML___MED_PRIORITY,\n  AVC,\n  P0_HUB_ENTRY_NEEDED,\n  ANON_WORKFORCE,\n  NEWCHAIN,\n  ML__SUPPORT_DOCS_NEEDED,\n  SUBDAO_REWARDS,\n  TWO_STAGE_BRIDGE,\n}",
        "scope": "global"
      },
      "scope": "global",
      "id": "b426ba05-bc70-40e6-a9e2-af645df4af6f",
      "index": 34,
      "timestamp": "2024-12-05T13:20:20.555Z",
      "hash": "RqqZT4lmtbYNFVNUS9RjFkUwx5I=",
      "skip": 0
    },
    {
      "type": "SET_INITIAL_STATE",
      "input": {
        "initialValue": "{\n  \"name\": \"\",\n  \"docNo\": \"\",\n  \"content\": \"\",\n  \"masterStatus\": [],\n  \"globalTags\": [],\n  \"originalContextData\": [],\n  \"provenance\": \"\",\n  \"notionId\": \"\"\n}",
        "scope": "global"
      },
      "scope": "global",
      "id": "fcdf20a2-2e83-402c-9e74-4c86bb2cc2d3",
      "index": 35,
      "timestamp": "2024-12-05T13:20:22.541Z",
      "hash": "sNs+QA4aOY2EEjURnNgpt8lPYlw=",
      "skip": 0
    },
    {
      "type": "ADD_MODULE",
      "input": {
        "id": "cE5YyV7l1+WPQ1w0xY1Gdorj//U=",
        "name": "scope"
      },
      "scope": "global",
      "id": "e2b0940f-4909-40fd-bda2-9db33ea42257",
      "index": 36,
      "timestamp": "2024-12-05T13:20:42.725Z",
      "hash": "Jz2u5//1TADOfgT2N8maZFGKCTU=",
      "skip": 0
    },
    {
      "type": "ADD_OPERATION",
      "input": {
        "id": "0FmMIC8sFgArJV2UjKBm0TIUHNI=",
        "moduleId": "cE5YyV7l1+WPQ1w0xY1Gdorj//U=",
        "name": "UPDATE_SCOPE"
      },
      "scope": "global",
      "id": "be4cb217-adcf-445c-a1dd-63a875a817e7",
      "index": 37,
      "timestamp": "2024-12-05T13:20:49.819Z",
      "hash": "k1W46ikrqqdGfRi8SaRDaofakHA=",
      "skip": 0
    },
    {
      "type": "SET_OPERATION_SCHEMA",
      "input": {
        "id": "0FmMIC8sFgArJV2UjKBm0TIUHNI=",
        "schema": "input UpdateScopeInput {\n  \"Add your inputs here\"\n  _placeholder: String\n}"
      },
      "scope": "global",
      "id": "ea410464-6744-4c59-a1bd-6c0c48853b71",
      "index": 38,
      "timestamp": "2024-12-05T13:20:49.870Z",
      "hash": "6asE9U756OoHU8t82DvhkqbPjZk=",
      "skip": 0
    },
    {
      "type": "SET_OPERATION_SCHEMA",
      "input": {
        "id": "0FmMIC8sFgArJV2UjKBm0TIUHNI=",
        "schema": "input UpdateScopeInput {\n  id: OID!\n  name: String\n  docNo: String\n  content: String\n  masterStatus: [Status!]!\n  globalTags: [String]\n  originalContextData: [PHID!]!\n  provenance: URL\n}"
      },
      "scope": "global",
      "id": "8df8bdce-399d-44df-b1ee-a24ae65f299e",
      "index": 39,
      "timestamp": "2024-12-05T13:21:07.172Z",
      "hash": "U72uV4faO9myJipXSydNWnQTkCM=",
      "skip": 0
    }
  ],
  "local": []
}