{
  "global": [
    {
      "type": "SET_MODEL_NAME",
      "input": {
        "name": "AtlasScope"
      },
      "scope": "global",
      "id": "edc84e24-6a3b-45b3-839b-f857dc7723cc",
      "index": 0,
      "timestamp": "2024-12-04T10:51:25.333Z",
      "hash": "Cznq6aAA+bs9o/xt0heilkZ9KgI=",
      "skip": 0
    },
    {
      "type": "SET_STATE_SCHEMA",
      "input": {
        "schema": "type AtlasScopeState {\n  \"Add your global state fields here\"\n  _placeholder: String\n}",
        "scope": "global"
      },
      "scope": "global",
      "id": "184b5aa2-264a-47fd-8ffd-890e33ef6d37",
      "index": 1,
      "timestamp": "2024-12-04T10:51:25.333Z",
      "hash": "d17sey3oCjvs4Jk8QAWLmnUkbxw=",
      "skip": 0
    },
    {
      "type": "SET_STATE_SCHEMA",
      "input": {
        "schema": "scalar Amount_Tokens\nscalar EthereumAddress\nscalar Amount_Percentage\nscalar EmailAddress\nscalar Date\nscalar DateTime\nscalar URL\nscalar Amount_Money\nscalar OLabel\nscalar Currency\nscalar PHID\nscalar OID\ntype AtlasScopeState {\n  name: String\n  docNo: String # e.g, A.1\n  content: String # change to markdown later (includes links, tables...)\n  masterStatus: [Status!]! \n  globalTags: [GlobalTag!]!\n\toriginalContextData: [PHID!]!\n\tprovenance: URL # p0Hub backlink\n\tnotionId: String # verify if this can be changed to UUID type\n}\n\n\nenum Status {\n  PLACEHOLDER\n  PROVISIONAL # enables ecosystem participants to interact with the material in a practical context, resulting in valuable feedback or other data concerning the Document's appropriateness.\n  APPROVED # material instance can be integrated into the Atlas\n  DEFERRED\n  ARCHIVED\n}\n\nenum GlobalTag {\n    RECURSIVE_IMPROVEMENT,\n    SCOPE_ADVISOR,\n    DAO_TOOLKIT,\n    PURPOSE_SYSTEM,\n    ML__LOW_PRIORITY,\n    EXTERNAL_REFERENCE,\n    ML__DEFER,\n    SUBDAO_INCUBATION,\n    V1__MIP,\n    ML__HIGH_PRIORITY,\n    ECOSYSTEM_INTELLIGENCE,\n    LEGACY_TERM__USE_APPROVED,\n    CAIS,\n    INTERNAL_REFERENCE,\n    FACILITATORDAO,\n    ML___MED_PRIORITY,\n    AVC,\n    P0_HUB_ENTRY_NEEDED,\n    ANON_WORKFORCE,\n    NEWCHAIN,\n    ML__SUPPORT_DOCS_NEEDED,\n    SUBDAO_REWARDS,\n    TWO_STAGE_BRIDGE,\n}\n\n\n\n\n# scope\n\ninput UpdateScopeInput {\n  id: OID!\n  name: String\n  docNo: String\n  content: String\n  masterStatus: [Status!]!\n  globalTags: [String]\n  originalContextData: [PHID!]!\n  provenance: URL\n}\n",
        "scope": "global"
      },
      "scope": "global",
      "id": "39777e86-0190-4d3c-ab41-bf8713dcbffb",
      "index": 2,
      "timestamp": "2024-12-04T11:04:15.036Z",
      "hash": "2fGHn61ibtRFCC08bSA+7ieQKP4=",
      "skip": 0
    },
    {
      "type": "SET_INITIAL_STATE",
      "input": {
        "initialValue": "{\n  \"_placeholder\": \"\"\n}",
        "scope": "global"
      },
      "scope": "global",
      "id": "fe1a8d11-2a39-4941-ac33-fa987487b209",
      "index": 3,
      "timestamp": "2024-12-04T11:04:16.402Z",
      "hash": "XcpbX0KoJvThaWCQrQJky9whTZQ=",
      "skip": 0
    },
    {
      "type": "SET_STATE_SCHEMA",
      "input": {
        "schema": "\ntype AtlasScopeState {\n  name: String\n  docNo: String # e.g, A.1\n  content: String # change to markdown later (includes links, tables...)\n  masterStatus: [Status!]! \n  globalTags: [GlobalTag!]!\n\toriginalContextData: [PHID!]!\n\tprovenance: URL # p0Hub backlink\n\tnotionId: String # verify if this can be changed to UUID type\n}\n\n\nenum Status {\n  PLACEHOLDER\n  PROVISIONAL # enables ecosystem participants to interact with the material in a practical context, resulting in valuable feedback or other data concerning the Document's appropriateness.\n  APPROVED # material instance can be integrated into the Atlas\n  DEFERRED\n  ARCHIVED\n}\n\nenum GlobalTag {\n    RECURSIVE_IMPROVEMENT,\n    SCOPE_ADVISOR,\n    DAO_TOOLKIT,\n    PURPOSE_SYSTEM,\n    ML__LOW_PRIORITY,\n    EXTERNAL_REFERENCE,\n    ML__DEFER,\n    SUBDAO_INCUBATION,\n    V1__MIP,\n    ML__HIGH_PRIORITY,\n    ECOSYSTEM_INTELLIGENCE,\n    LEGACY_TERM__USE_APPROVED,\n    CAIS,\n    INTERNAL_REFERENCE,\n    FACILITATORDAO,\n    ML___MED_PRIORITY,\n    AVC,\n    P0_HUB_ENTRY_NEEDED,\n    ANON_WORKFORCE,\n    NEWCHAIN,\n    ML__SUPPORT_DOCS_NEEDED,\n    SUBDAO_REWARDS,\n    TWO_STAGE_BRIDGE,\n}\n\n\n\n\n# scope\n\ninput UpdateScopeInput {\n  id: OID!\n  name: String\n  docNo: String\n  content: String\n  masterStatus: [Status!]!\n  globalTags: [String]\n  originalContextData: [PHID!]!\n  provenance: URL\n}\n",
        "scope": "global"
      },
      "scope": "global",
      "id": "9e262e33-2697-44d7-8f66-3fdd5aef52e9",
      "index": 4,
      "timestamp": "2024-12-04T11:04:25.276Z",
      "hash": "9zyttAfDbvWIAuCW73pdJc1dAVA=",
      "skip": 0
    },
    {
      "type": "SET_STATE_SCHEMA",
      "input": {
        "schema": "\ntype AtlasScopeState {\n  name: String\n  docNo: String # e.g, A.1\n  content: String # change to markdown later (includes links, tables...)\n  masterStatus: [Status!]! \n  globalTags: [GlobalTag!]!\n\toriginalContextData: [PHID!]!\n\tprovenance: URL # p0Hub backlink\n\tnotionId: String # verify if this can be changed to UUID type\n}\n\n\nenum Status {\n  PLACEHOLDER\n  PROVISIONAL # enables ecosystem participants to interact with the material in a practical context, resulting in valuable feedback or other data concerning the Document's appropriateness.\n  APPROVED # material instance can be integrated into the Atlas\n  DEFERRED\n  ARCHIVED\n}\n\nenum GlobalTag {\n    RECURSIVE_IMPROVEMENT,\n    SCOPE_ADVISOR,\n    DAO_TOOLKIT,\n    PURPOSE_SYSTEM,\n    ML__LOW_PRIORITY,\n    EXTERNAL_REFERENCE,\n    ML__DEFER,\n    SUBDAO_INCUBATION,\n    V1__MIP,\n    ML__HIGH_PRIORITY,\n    ECOSYSTEM_INTELLIGENCE,\n    LEGACY_TERM__USE_APPROVED,\n    CAIS,\n    INTERNAL_REFERENCE,\n    FACILITATORDAO,\n    ML___MED_PRIORITY,\n    AVC,\n    P0_HUB_ENTRY_NEEDED,\n    ANON_WORKFORCE,\n    NEWCHAIN,\n    ML__SUPPORT_DOCS_NEEDED,\n    SUBDAO_REWARDS,\n    TWO_STAGE_BRIDGE,\n}\n\n\n\n\n",
        "scope": "global"
      },
      "scope": "global",
      "id": "a078f9b5-f62e-4b1e-85f1-e832b9f19e4a",
      "index": 5,
      "timestamp": "2024-12-04T11:04:32.877Z",
      "hash": "H7QzKKd1zc7hBWkoaaz8BexTxZY=",
      "skip": 0
    },
    {
      "type": "SET_INITIAL_STATE",
      "input": {
        "initialValue": "{\n  \"name\": \"\",\n  \"docNo\": \"\",\n  \"content\": \"\",\n  \"masterStatus\": [],\n  \"globalTags\": [],\n  \"originalContextData\": [],\n  \"provenance\": \"\",\n  \"notionId\": \"\"\n}",
        "scope": "global"
      },
      "scope": "global",
      "id": "fa8861bf-a9e8-437b-b1f5-659f2b00a11d",
      "index": 6,
      "timestamp": "2024-12-04T11:04:33.622Z",
      "hash": "3NyV/2TcQSHCedUPAmk6Ar/TPHE=",
      "skip": 0
    },
    {
      "type": "ADD_MODULE",
      "input": {
        "id": "Ng78UMrio8BQNuva9I3NFpbAyz0=",
        "name": "scope"
      },
      "scope": "global",
      "id": "0928a562-4389-453e-8b1c-fed78bfb58c3",
      "index": 7,
      "timestamp": "2024-12-04T11:04:39.695Z",
      "hash": "roQoldESxyr3yvO8JzdSV5wdeoo=",
      "skip": 0
    },
    {
      "type": "ADD_OPERATION",
      "input": {
        "id": "rt39jVAtpvRXEtejPtL8BYcC1gs=",
        "moduleId": "Ng78UMrio8BQNuva9I3NFpbAyz0=",
        "name": "UPDATE_SCOPE"
      },
      "scope": "global",
      "id": "59d979d8-451b-4aac-9798-af18902d709c",
      "index": 8,
      "timestamp": "2024-12-04T11:04:46.250Z",
      "hash": "FZg3gHsfJVBJ6kcvqGz7bwktavE=",
      "skip": 0
    },
    {
      "type": "SET_OPERATION_SCHEMA",
      "input": {
        "id": "rt39jVAtpvRXEtejPtL8BYcC1gs=",
        "schema": "input UpdateScopeInput {\n  \"Add your inputs here\"\n  _placeholder: String\n}"
      },
      "scope": "global",
      "id": "703949e7-3073-40bd-8b18-a02f244182b6",
      "index": 9,
      "timestamp": "2024-12-04T11:04:46.270Z",
      "hash": "Y7qjpxOGYzFxD0Gwxr4Ni/WQFlE=",
      "skip": 0
    },
    {
      "type": "SET_OPERATION_SCHEMA",
      "input": {
        "id": "rt39jVAtpvRXEtejPtL8BYcC1gs=",
        "schema": "# scope\n\ninput UpdateScopeInput {\n  id: OID!\n  name: String\n  docNo: String\n  content: String\n  masterStatus: [Status!]!\n  globalTags: [String]\n  originalContextData: [PHID!]!\n  provenance: URL\n}\n"
      },
      "scope": "global",
      "id": "e3f16bac-850b-44db-ac9f-3bd5d6c543f6",
      "index": 10,
      "timestamp": "2024-12-04T11:04:48.504Z",
      "hash": "B3FGeti/jV3YYEwpW1oKauzEcMc=",
      "skip": 0
    }
  ],
  "local": []
}